,date,local_price,dollar_ex,dollar_price,dollar_ppp,dollar_valuation,dollar_adj_valuation,euro_adj_valuation,sterling_adj_valuation,yen_adj_valuation,yuan_adj_valuation,region
0,2022-07-31,6.7,1.44843568945539,4.62567999999999,1.3009708737864067,-10.181,-8.689,-12.345,-2.724,58.47599999999999,5.879,AUS
1,2022-01-31,6.4,1.41934568164076,4.50912000000001,1.101549053356282,-22.39,-16.259,-19.096,-15.235,20.316000000000003,-20.061,AUS
2,2021-07-31,6.55,1.36658694909464,4.79296249999999,1.159292035398231,-15.169,-8.072,-15.808,-9.002,21.575,-7.724,AUS
3,2021-01-31,6.48,1.29996750081248,4.98474,1.1448763250883396,-11.9,-4.3,-15.0,1.6,18.3,-6.6000000000000005,AUS
4,2020-07-31,6.55,1.43061516452074,4.57845000000001,1.147110332749561,-19.817,-15.5,-17.2,-5.2,8.1,-9.6,AUS
5,2020-01-31,6.45,1.44906535284741,4.45114500000001,1.1375661375661374,-21.497,-17.5,-15.2,-10.1,8.7,-9.9,AUS
6,2019-07-31,6.15,1.4436263894904,4.260105,1.0714285714286,-25.8,-23.4,-20.7,-9.4,2.1,-13.2,AUS
7,2019-01-31,6.1,1.4016399187049,4.352045,1.0931899641577,-22.0,-19.2,-21.3,-8.0,2.8,-16.0,AUS
8,2018-07-31,6.05,1.3398539559188,4.5154175,1.0980036297641,-18.1,-15.4,-19.5,-7.7,10.0,-12.2,AUS
9,2018-01-31,5.9,1.2536826929104,4.706135,1.1174242424242,-10.86865530303,-6.3880686080015,-16.471218080424,-4.0315041507564,22.033469841843,-7.0354236313621,AUS
10,2017-07-31,5.9,1.3030164831585,4.527955,1.1132075471698,-14.566886792453,-11.701246201104,-13.026249622953,2.5842164589207,19.941711063031,-2.3577241447633,AUS
11,2017-01-31,5.8,1.3566680233347,4.27518,1.1462450592885,-15.510276679842,-11.923378053359,-10.26357146293,7.4377096978706,9.996884047534,-5.8243387102146,AUS
12,2016-07-31,5.75,1.3357376611234,4.3047375,1.140873015873,-14.588541666667,-11.023576818166,-12.479626654539,2.4806495178727,4.3977631387833,-2.6810027782201,AUS
13,2016-01-31,5.3,1.4157287463722,3.743655,1.0750507099391,-24.063793103448,-28.164063585432,-22.28640311833,-22.29301357764,-4.004199228237,-20.675480415366,AUS
14,2015-07-31,5.3,1.3512600499966,3.922265,1.1064718162839,-18.115553235908,-22.16909301562,-18.572958678984,-23.192558386062,6.9389292998638,-14.171058280931,AUS
15,2015-01-31,5.3,1.2272197336933,4.318705,1.1064718162839,-9.8391440501044,-17.899533092507,-18.997635949314,-20.377829812621,9.742343199197,-13.431469554541,AUS
16,2014-07-31,5.1,1.0593781450289,4.814145,1.0636079249218,0.3992700729927,-11.846416856471,-25.547998743505,-23.560022682712,10.822601817479,-5.8304209144604,AUS
17,2014-01-31,5.05,1.1288592876898,4.4735425,1.0920886646243,-3.2573256442602,-17.595986586753,-29.270083903203,-25.201030112957,25.099683762019,-18.576077071008,AUS
18,2013-07-31,5.035,1.0898588632772,4.61986425,1.1049743964887,1.3869257498171,-12.833963986464,-21.068999575452,-9.7006390835102,21.489476189341,-6.8085182143158,AUS
19,2013-01-31,4.7,0.95909461468374,4.900455,1.076156176211,12.205423712643,-3.4427777867751,-19.910402499906,-9.217955259917,17.358037076669,0.75924587999201,AUS
20,2012-07-31,4.56,0.97432649680908,4.680156,1.053726169844,8.1491854419411,0.40561280731168,-9.5850079334696,-6.4319783855134,1.8078017194368,6.7139620660781,AUS
21,2012-01-31,4.8,0.97233701200836,4.93656,1.14361410648,17.614992780936,8.8296990836762,-7.262364285749,6.5076889406403,5.0361335663141,9.2181909968089,AUS
22,2011-07-31,4.56,0.92238158926348,4.943724,1.1217712177122,21.616826568266,11.695403757759,-18.0564401528,2.7419628458979,5.8833350807384,8.1032630156835,AUS
23,2010-07-31,4.35,1.1337225780851,3.8369175,1.1651785714286,2.7745758928571,,,,,,AUS
24,2010-01-31,4.35,1.09355,3.9778702391294,1.2150837988827,11.113693830431,,,,,,AUS
25,2009-07-31,4.34,1.2869,3.3724454114539,1.2156862745098,-5.5337419760817,,,,,,AUS
26,2008-06-30,3.45,1.026,3.3625730994152,0.96638655462185,-5.8102773273052,,,,,,AUS
27,2007-06-30,3.45,1.17,2.9487179487179,1.0117302052786,-13.527332882172,,,,,,AUS
28,2007-01-31,3.45,1.266865,2.7232578056857,1.0714285714286,-15.426776220941,,,,,,AUS
29,2006-05-31,3.25,1.33253,2.4389694791112,1.0483870967742,-21.323565189962,,,,,,AUS
30,2006-01-31,3.25,1.3308,2.4421400661256,1.031746031746,-22.471743932519,,,,,,AUS
31,2005-06-30,3.25,1.3015,2.4971187091817,1.062091503268,-18.394813425434,,,,,,AUS
32,2004-05-31,3.25,1.43,2.27,1.1206896551724,-21.630094043887,,,,,,AUS
33,2003-04-30,3.0,1.61,1.8,1.1070110701107,-31.241548440329,,,,,,AUS
34,2002-04-30,3.0,1.86,1.62,1.2048192771084,-35.224770047934,,,,,,AUS
35,2001-04-30,3.0,1.98,1.52,1.1811023622047,-40.348365545216,,,,,,AUS
36,2000-04-30,2.59,1.68,1.54,1.0318725099602,-38.579017264276,,,,,,AUS
37,2022-07-31,22.9,5.39175,4.24722956368526,4.446601941747573,-17.53,7.020999999999999,2.736,14.013,85.74199999999999,24.095,BRA
38,2022-01-31,22.9,5.31,4.31261770244821,3.941480206540447,-25.773000000000003,22.899,18.735,24.401,76.575,17.319000000000003,BRA
39,2021-07-31,22.9,5.24865,4.36302668305183,4.05309734513274,-22.778,31.512,20.444000000000003,30.181,73.924,32.009,BRA
40,2021-01-31,21.9,5.5046,3.97849071685499,3.8692579505300313,-29.7,20.1,6.6000000000000005,27.500000000000004,48.4,17.2,BRA
41,2020-07-31,20.9,5.34045,3.91352788622682,3.6602451838879193,-31.462,19.1,16.8,33.6,52.3,27.4,BRA
42,2020-01-31,19.9,4.1419,4.80455829450252,3.5097001763668407,-15.264,42.0,46.0,54.900000000000006,87.1,55.1,BRA
43,2019-07-31,17.5,3.8073,4.5964331678617,3.0487804878049,-19.9,30.7,35.5,54.7,74.3,48.3,BRA
44,2019-01-31,16.9,3.71795,4.5455156739601,3.0286738351254,-18.5,40.6,37.0,60.1,78.9,46.3,BRA
45,2018-07-31,16.9,3.83835,4.4029335521774,3.0671506352087,-20.1,34.7,28.1,46.9,75.1,39.8,BRA
46,2018-01-31,16.5,3.2279,5.1116825180458,3.125,-3.1878310976176,60.962604198063,43.624963862419,65.014638445817,109.83249477906,59.84949875465,BRA
47,2017-07-31,16.5,3.2343,5.1015675725814,3.1132075471698,-3.744008064502,56.850781701181,54.49709250929,82.226972063857,113.06021126482,73.448283651401,BRA
48,2017-01-31,16.5,3.22395,5.1179453775648,3.2608695652174,1.1451655645215,67.550944500326,70.708447090318,104.38215427626,109.25055260887,79.153340004409,BRA
49,2016-07-31,15.5,3.24145,4.7818106094495,3.0753968253968,-5.122805368066,55.517210935279,52.972257997885,79.120537979879,82.471360059575,70.098757375533,BRA
50,2016-01-31,13.5,4.0248,3.3542039355993,2.7383367139959,-31.963409014213,7.1096249924008,15.873400337805,15.863543936496,43.132737383286,18.275336405158,BRA
51,2015-07-31,13.5,3.15235,4.2825193902961,2.8183716075157,-10.594584753734,35.074616351097,41.315664858544,33.298404334336,85.591243990965,48.955110812863,BRA
52,2015-01-31,13.5,2.59275,5.2068267283772,2.8183716075157,8.70201938157,68.455481719373,66.202370955348,63.370459872898,125.17167057604,77.623149383053,BRA
53,2014-07-31,13.0,2.22025,5.8551964868821,2.711157455683,22.110458537687,86.844601129138,57.803619342239,62.017204098383,134.89237866788,99.595714834288,BRA
54,2014-01-31,12.4,2.36305,5.2474556187977,2.6815642458101,13.478946522928,72.651899240943,48.19247074805,56.717903380519,162.10735498572,70.598425429104,BRA
55,2013-07-31,12.0,2.27065,5.2848303349261,2.6335040234089,15.980182917179,70.897037881231,54.751492513239,77.040209799147,138.19130207179,82.710479004265,BRA
56,2013-01-31,11.25,1.99335,5.6437655203552,2.5759057409307,29.224960038662,89.815124280721,57.442566745578,78.462104748046,130.70599881029,98.075590212276,BRA
57,2012-07-31,10.08,2.04215,4.9359743407683,2.3292894280763,14.06064334531,72.455516115806,55.295741796464,60.711348781152,74.863899529555,83.290663642341,BRA
58,2012-01-31,10.25,1.805,5.6786703601108,2.4420926232125,35.295990205679,109.57406395457,78.585472180993,105.1025538216,102.26877000406,110.32218537486,BRA
59,2011-07-31,9.5,1.5416,6.1624286455631,2.3370233702337,51.597260653458,148.51581523829,82.319682760802,128.59492688889,135.58429848024,140.52350978135,BRA
60,2010-07-31,8.71,1.77495,4.9071804839573,2.3330357142857,31.442334391713,,,,,,BRA
61,2010-01-31,8.2,1.7233,4.7583125398944,2.2905027932961,32.913758097609,,,,,,BRA
62,2009-07-31,8.03,1.9971,4.0208302037955,2.249299719888,12.628297025084,,,,,,BRA
63,2008-06-30,7.5,1.5846,4.7330556607346,2.1008403361345,32.578589936543,,,,,,BRA
64,2007-06-30,6.9,1.913,3.6069001568217,2.0234604105572,5.7741981472653,,,,,,BRA
65,2007-01-31,6.4,2.1335,2.9997656433091,1.9875776397516,-6.8395762947479,,,,,,BRA
66,2006-05-31,6.4,2.3045,2.7771750922109,2.0645161290323,-10.413706702874,,,,,,BRA
67,2006-01-31,6.2,2.2615,2.7415432235242,1.968253968254,-12.966881792882,,,,,,BRA
68,2005-06-30,5.9,2.4648,2.3937033430704,1.9281045751634,-21.774400553254,,,,,,BRA
69,2004-05-31,5.4,3.18,1.7,1.8620689655172,-41.444372153546,,,,,,BRA
70,2003-04-30,4.55,3.07,1.44,1.6789667896679,-45.310528023847,,,,,,BRA
71,2002-04-30,3.6,2.34,1.55,1.4457831325301,-38.214396045721,,,,,,BRA
72,2001-04-30,3.6,2.19,1.64,1.4173228346457,-35.282062344947,,,,,,BRA
73,2000-04-30,2.95,1.79,1.65,1.1752988047809,-34.340848894923,,,,,,BRA
74,2022-07-31,6.77,1.28915,5.25152232090913,1.3145631067961174,1.971,10.205,5.793,17.404,91.268,27.787,CAN
75,2022-01-31,6.77,1.2718,5.32316401949992,1.1652323580034425,-8.379,6.603000000000001,2.991,7.906000000000001,53.162,1.763,CAN
76,2021-07-31,6.77,1.2741,5.31355466603877,1.1982300884955746,-5.955,10.225,0.949,9.11,45.773,10.642,CAN
77,2021-01-31,6.77,1.2803,5.28782316644536,1.196113074204946,-6.6000000000000005,8.5,-3.6,15.2,34.2,5.9,CAN
78,2020-07-31,6.88,1.3552,5.0767414403778,1.2049036777583175,-11.09,2.3,0.3,14.7,30.8,9.4,CAN
79,2020-01-31,6.77,1.30655,5.18158509050553,1.194003527336861,-8.613999999999999,4.3,7.199999999999999,13.8,37.5,13.900000000000002,CAN
80,2019-07-31,6.77,1.31305,5.1559346559537,1.1794425087108,-10.2,1.4,5.0,19.9,35.1,15.0,CAN
81,2019-01-31,6.77,1.3314,5.0848730659456,1.2132616487455,-8.9,4.0,1.3,18.5,32.3,8.2,CAN
82,2018-07-31,6.65,1.31235,5.0672457804701,1.2068965517241,-8.0,4.3,-0.8,13.8,35.6,8.2,CAN
83,2018-01-31,6.55,1.2459,5.2572437595313,1.2405303030303,-0.43098940281701,13.84788215196,1.5850733861633,16.713861612297,48.413261926742,13.060589364447,CAN
84,2017-07-31,5.97,1.2823,4.6556967948218,1.1264150943396,-12.156664248645,-1.1262931357391,-2.6099833837858,14.870044147622,34.306330160146,9.3362402651559,CAN
85,2017-01-31,5.98,1.326,4.5098039215686,1.1818181818182,-10.873440285205,-0.43059401061595,1.4457944408668,21.456848583018,24.349959878472,6.4642858233391,CAN
86,2016-07-31,6.0,1.303,4.6047582501919,1.1904761904762,-8.6357490041297,1.876316491755,0.20916705313427,17.338399445742,19.533458170405,11.428405493047,CAN
87,2016-01-31,5.84,1.4092,4.1441952881067,1.184584178499,-15.939243648951,-12.921437057309,-5.7966155197069,-5.8046286302169,16.364827925356,-3.8438765287885,CAN
88,2015-07-31,5.85,1.2897,4.5359385903699,1.2212943632568,-5.3039960256816,-2.0703025175293,2.4544854020537,-3.3580641278528,34.554477150533,7.9931176887857,CAN
89,2015-01-31,5.7,1.22855,4.6396158072525,1.1899791231733,-3.1395447337693,-2.3413393253528,-3.6475347505208,-5.2892779614807,30.538724806606,2.9734307041363,CAN
90,2014-07-31,5.64,1.07405,5.2511521809972,1.1762252346194,9.5130798956655,8.7833402269003,-8.1246944883441,-5.6714910169433,36.757376937389,16.207203330659,CAN
91,2014-01-31,5.54,1.1051,5.0131209845263,1.19805370337,8.4113386453693,6.1909643618091,-8.8530074150335,-3.6093702652327,61.211274909951,4.9279584792813,CAN
92,2013-07-31,5.53,1.05125,5.2604042806183,1.2136064374543,15.444131981382,13.224413263985,2.5275052088061,17.294448910063,57.808881628516,21.051172325273,CAN
93,2013-01-31,5.41,1.0029,5.394356366537,1.2387244496387,23.514253628344,21.154868009762,0.49216818449287,13.908482411113,47.254624418568,26.427343864513,CAN
94,2012-07-31,5.12,1.01945,5.0223159546814,1.1831311380705,16.055827953355,17.219036348207,5.5554360472738,9.2364562099427,18.856028827631,24.583750335658,CAN
95,2012-01-31,4.73,1.02095,4.6329399089084,1.1269364007605,10.381154881287,11.539703699998,-4.953073503835,9.1598724083259,7.6516733430663,11.937869579767,CAN
96,2011-07-31,4.73,0.94585,5.0007929375694,1.1635916359164,23.020736471572,24.443016730127,-8.7043562588581,14.467734312927,17.967626201259,20.440910865212,CAN
97,2010-07-31,4.17,1.04235,4.0005756223917,1.1169642857143,7.158275599778,,,,,,CAN
98,2010-01-31,4.12,1.0368,3.9737654320988,1.1508379888268,10.999034416167,,,,,,CAN
99,2009-07-31,3.89,1.16085,3.3509928069949,1.0896358543417,-6.13465526625,,,,,,CAN
100,2008-06-30,4.09,1.00355,4.0755318618903,1.1456582633053,14.16055635547,,,,,,CAN
101,2007-06-30,3.88,1.05345,3.683136361479,1.1378299120235,8.0098639729897,,,,,,CAN
102,2007-01-31,3.63,1.17485,3.0897561390816,1.1273291925466,-4.044840401193,,,,,,CAN
103,2006-05-31,3.52,1.12045,3.1415948949083,1.1354838709677,1.3417708034934,,,,,,CAN
104,2006-01-31,3.52,1.1704,3.0075187969925,1.1174603174603,-4.5232127938895,,,,,,CAN
105,2005-06-30,3.28,1.2494,2.6252601248599,1.0718954248366,-14.207185462094,,,,,,CAN
106,2004-05-31,3.19,1.37,2.33,1.1,-19.70802919708,,,,,,CAN
107,2003-04-30,3.2,1.45,2.17,1.1808118081181,-18.564702888408,,,,,,CAN
108,2002-04-30,3.33,1.57,2.12,1.3373493975904,-14.81850970762,,,,,,CAN
109,2001-04-30,3.33,1.56,2.14,1.3110236220472,-15.960024227741,,,,,,CAN
110,2000-04-30,2.85,1.47,1.94,1.1354581673307,-22.757947800634,,,,,,CAN
111,2022-07-31,24.0,6.74735,3.55695198855847,4.66019417475728,-30.933,-13.759,-17.212,-8.125,49.677,0.0,CHN
112,2022-01-31,24.4,6.36535,3.83325347388596,4.199655765920825,-34.023,4.756,1.207,6.037,50.509,0.0,CHN
113,2021-07-31,22.4,6.4797,3.45695016744602,3.964601769911501,-38.815,-0.376,-8.76,-1.384,31.752,0.0,CHN
114,2021-01-31,22.4,6.4751,3.45940603233927,3.957597173144878,-38.9,2.5,-9.0,8.7,26.6,0.0,CHN
115,2020-07-31,21.7,7.0035,3.09845077461269,3.800350262697018,-45.736,-6.5,-8.3,4.9,19.6,0.0,CHN
116,2020-01-31,21.5,6.885,3.12273057371097,3.791887125220464,-44.925,-8.4,-5.800000000000001,-0.1,20.7,0.0,CHN
117,2019-07-31,21.0,6.8846,3.0502861458908,3.6585365853659,-46.9,-11.8,-8.7,4.3,17.5,0.0,CHN
118,2019-01-31,20.9,6.8497,3.0512285209571,3.7455197132616,-45.3,-3.9,-6.3,9.5,22.3,0.0,CHN
119,2018-07-31,20.5,6.622,3.0957414678345,3.7205081669691,-43.8,-3.6,-8.3,5.1,25.3,0.0,CHN
120,2018-01-31,20.4,6.432,3.1716417910448,3.8636363636364,-39.931026684758,0.69634590792256,-10.149881619043,3.2312517282863,31.268784959484,0.0,CHN
121,2017-07-31,19.8,6.7875,2.9171270718232,3.7358490566038,-44.959866569373,-9.5691358835112,-10.926133567398,5.0612714220332,22.837889646136,0.0,CHN
122,2017-01-31,19.6,6.9266,2.8296711229174,3.8735177865613,-44.077645792145,-6.4762373415965,-4.7137792205733,14.082246120128,16.799693828606,0.0,CHN
123,2016-07-31,18.6,6.678,2.785265049416,3.6904761904762,-44.73680457508,-8.5724003309801,-10.06856231162,5.3038486250838,7.2737760551227,0.0,CHN
124,2016-01-31,17.6,6.5582,2.6836632002684,3.5699797160243,-45.564640968187,-9.440439361346,-2.030800452873,-2.0391338904334,21.01655487411,0.0,CHN
125,2015-07-31,17.0,6.2092,2.7378728338594,3.5490605427975,-42.84190325972,-9.3185754997052,-5.1286900547618,-10.511023349979,24.59541869908,0.0,CHN
126,2015-01-31,17.2,6.2115,2.7690573935442,3.5908141962422,-42.190868610768,-5.1613022826825,-6.4297803903227,-8.0241171039134,26.769326722415,0.0,CHN
127,2014-07-31,16.9,6.1983,2.7265540551442,3.5245046923879,-43.137558808255,-6.3884706721963,-20.938373114245,-18.827313385512,17.684078970781,0.0,CHN
128,2014-01-31,16.6,6.0513,2.7432122023367,3.5898360064877,-40.676614835033,1.2036886077196,-13.133740610264,-8.1363717242242,53.63996140436,0.0,CHN
129,2013-07-31,16.0,6.1341,2.6083696059732,3.5113386978786,-42.757067901101,-6.4656615140056,-15.302344257098,-3.1034176233462,30.365430253309,0.0,CHN
130,2013-01-31,16.0,6.2204,2.572181853257,3.6635103871014,-41.104906644245,-4.1703603774207,-20.513897458618,-9.9020204575491,16.473715192795,0.0,CHN
131,2012-07-31,15.65,6.3885,2.4497143304375,3.6164067013287,-43.391927661756,-5.9114563236442,-15.273512185271,-12.318857061508,-4.5974868252042,0.0,CHN
132,2012-01-31,15.4,6.3155,2.4384450954002,3.66909525829,-41.903328979653,-0.35570257077785,-15.089569907855,-2.4817313228048,-3.8290850565516,0.0,CHN
133,2011-07-31,14.65,6.445,2.2730799069046,3.6039360393604,-44.081675106898,3.3228791082413,-24.198809951452,-4.9594249241189,-2.0535253728864,0.0,CHN
134,2010-07-31,13.2,6.7769,1.9477932387965,3.5357142857143,-47.826966817951,,,,,,CHN
135,2010-01-31,12.5,6.8272,1.8309116475275,3.4916201117318,-48.85721654951,,,,,,CHN
136,2009-07-31,12.5,6.8327,1.8294378503373,3.5014005602241,-48.755242287469,,,,,,CHN
137,2008-06-30,12.5,6.834,1.8290898448932,3.5014005602241,-48.764990339127,,,,,,CHN
138,2007-06-30,11.0,7.6047,1.4464738911463,3.2258064516129,-57.581410816825,,,,,,CHN
139,2007-01-31,11.0,7.7743,1.414918384935,3.416149068323,-56.058435250467,,,,,,CHN
140,2006-05-31,10.5,8.026,1.3082481933715,3.3870967741935,-57.798445375112,,,,,,CHN
141,2006-01-31,10.5,8.0641,1.3020671866668,3.3333333333333,-58.664533756609,,,,,,CHN
142,2005-06-30,10.5,8.2764,1.2686675366101,3.4313725490196,-58.540276581369,,,,,,CHN
143,2004-05-31,10.4,8.28,1.26,3.5862068965517,-56.688322505414,,,,,,CHN
144,2003-04-30,9.9,8.28,1.2,3.6531365313653,-55.879993582545,,,,,,CHN
145,2002-04-30,10.5,8.28,1.27,4.2168674698795,-49.071648914499,,,,,,CHN
146,2001-04-30,9.9,8.28,1.2,3.8976377952756,-52.927079767203,,,,,,CHN
147,2000-04-30,9.9,8.28,1.2,3.9442231075697,-52.364455222588,,,,,,CHN
148,2022-07-31,46.0,18.945,2.42808128793877,8.932038834951454,-52.85300000000001,-38.124,-40.601,-34.081,7.391,-28.252,EGY
149,2022-01-31,42.5,15.71,2.70528325907066,7.314974182444074,-53.437,-19.914,-22.627,-18.935,15.064,-23.55,EGY
150,2021-07-31,42.5,15.67,2.71218889597958,7.522123893805313,-51.99700000000001,-14.871,-22.035,-15.732,12.584,-14.549,EGY
151,2021-01-31,42.5,15.64,2.71739130434783,7.508833922261495,-52.0,-11.6,-21.5,-6.2,9.2,-13.8,EGY
152,2020-07-31,42.0,15.95,2.63322884012539,7.355516637478104,-53.884,-12.2,-13.900000000000002,-1.5,12.3,-6.1,EGY
153,2020-01-31,42.0,15.88,2.6448362720403,7.407407407407401,-53.354,-15.0,-12.6,-7.3,12.0,-7.199999999999999,EGY
154,2019-07-31,42.0,16.615,2.5278362925068,7.3170731707317,-56.0,-20.6,-17.8,-6.1,5.8,-10.0,EGY
155,2019-01-31,40.0,17.91,2.2333891680625,7.168458781362,-60.0,-22.6,-24.6,-11.8,-1.5,-19.5,EGY
156,2018-07-31,31.37,17.905,1.7520245741413,5.6932849364791,-68.2,-40.3,-43.2,-34.9,-22.4,-38.1,EGY
157,2018-01-31,34.21,17.7,1.9327683615819,6.4791666666667,-63.394538606403,-34.67341683768,-41.709888500571,-33.028900997611,-14.839598994845,-35.12517006123,EGY
158,2017-07-31,31.37,17.885,1.7539837852949,5.9188679245283,-66.90596631519,-42.173805172693,-43.041540024232,-32.81836229908,-21.451068634016,-36.05480231526,EGY
159,2017-01-31,27.49,18.77,1.4645711241343,5.4328063241107,-71.055906637663,-48.517915298344,-47.547733863268,-37.201073922107,-35.705198765638,-44.952936838422,EGY
160,2016-07-31,23.0,8.87995,2.5901046740128,4.5634920634921,-48.609034245778,-9.7285985202217,-11.205839958497,3.9721706685231,5.9171862936388,-1.2646052104914,EGY
161,2016-01-31,16.93,7.83005,2.1621828723955,3.4340770791075,-56.142335245528,-22.337631715432,-15.983249011858,-15.990395628872,3.7817783885235,-14.241668425874,EGY
162,2015-07-31,16.93,7.83005,2.1621828723955,3.5344467640919,-54.860482830993,-24.340897118477,-20.845109798333,-25.335803573486,3.9548910250019,-16.566040621388,EGY
163,2015-01-31,16.93,7.35005,2.3033856912538,3.5344467640919,-51.912616048981,-16.809758681535,-17.922437392037,-19.320951491649,11.199026722731,-12.282387547721,EGY
164,2014-07-31,16.93,7.15005,2.3678156096811,3.5307612095933,-50.619069662543,-15.224727648248,-28.401223653316,-26.489432822215,6.5755459594863,-9.4392827886711,EGY
165,2014-01-31,16.93,6.961,2.4321218215774,3.6612002162552,-47.404105498417,-6.4488008940141,-19.70210928516,-15.082615093835,42.022517338157,-7.5614729136957,EGY
166,2013-07-31,16.75,7.00915,2.3897334198869,3.6759326993416,-47.55522853211,-11.039886683799,-19.44441822686,-7.8420707548976,23.990008755835,-4.8904233929856,EGY
167,2013-01-31,16.0,6.68575,2.3931496092435,3.6635103871014,-45.204197179054,-7.4806079198344,-23.259589466121,-13.014279008572,12.450358421432,-3.4543044881009,EGY
168,2012-07-31,16.0,6.0665,2.6374350943707,3.6972848064702,-39.054070609573,3.8522138307934,-6.4813527145862,-3.2200898262498,5.3025353682222,10.377108384228,EGY
169,2012-01-31,15.5,6.037,2.567500414113,3.692920552175,-38.828548083899,7.7806097802877,-8.1563303857063,5.4809831963715,4.0236132237835,8.1653567348848,EGY
170,2011-07-31,14.09,5.962,2.3633009057363,3.4661746617466,-41.86221634105,10.915978901987,-18.62825282518,2.0250162493614,5.1444675857701,7.3489045788116,EGY
171,2010-07-31,13.0,5.699,2.2811019477101,3.4821428571429,-38.89905497205,,,,,,EGY
172,2010-01-31,13.0,5.465,2.3787740164684,3.6312849162011,-33.553798422669,,,,,,EGY
173,2009-07-31,13.0,5.58475,2.32776758136,3.6414565826331,-34.796426292438,,,,,,EGY
174,2008-06-30,13.0,5.3125,2.4470588235294,3.6414565826331,-31.454934915143,,,,,,EGY
175,2007-06-30,9.54,5.69025,1.6765519968367,2.7976539589443,-50.834252292179,,,,,,EGY
176,2007-01-31,9.09,5.7,1.5947368421053,2.8229813664596,-50.474011114743,,,,,,EGY
177,2006-05-31,9.5,5.77075,1.6462331586016,3.0645161290323,-46.89570456124,,,,,,EGY
178,2006-01-31,9.25,5.74,1.6114982578397,2.9365079365079,-48.841325147945,,,,,,EGY
179,2005-06-30,9.0,5.8,1.551724137931,2.9411764705882,-49.290060851927,,,,,,EGY
180,2004-05-31,10.0,6.19,1.62,3.448275862069,-44.29279705866,,,,,,EGY
181,2003-04-30,8.0,5.92,1.38,2.9520295202952,-50.1346364815,,,,,,EGY
182,2002-04-30,0.0,0.0,0.0,0.0,0.0,,,,,,EGY
183,2001-04-30,0.0,0.0,0.0,0.0,0.0,,,,,,EGY
184,2000-04-30,0.0,0.0,0.0,0.0,0.0,,,,,,EGY
185,2018-01-31,3.95,0.81682662854809,4.8357875,0.74810606060606,-8.413115530303,22.622793705822,9.4148196871646,25.709670698939,59.852326248457,21.77481973174,ESP
186,2017-07-31,3.8,0.87569508297211,4.33941,0.71698113207547,-18.124339622642,8.5437104045261,6.9149129241698,26.104514552407,47.441699808132,20.029495974632,ESP
187,2017-01-31,3.95,0.95524669245833,4.1350575,0.78063241106719,-18.279496047431,9.2157542031739,11.273928376962,33.22366633933,36.39706412138,16.778614438435,ESP
188,2016-07-31,3.5,0.90830646260048,3.853325,0.69444444444444,-23.545138888889,1.6257079529876,-0.037340415834852,17.049755275645,19.239414310973,11.154299490401,ESP
189,2016-01-31,3.5,0.93023255813953,3.7625,0.70993914807302,-23.68154158215,0.16385427311969,8.3593223894694,8.3501051492408,33.850964840829,10.60549937161,ESP
190,2015-07-31,3.65,0.91270022361155,3.9991225,0.76200417536534,-16.511012526096,3.2316875495651,8.0014510099909,1.8742055230425,41.839361303911,13.839949160955,ESP
191,2015-01-31,3.65,0.86307340439304,4.2290725,0.76200417536534,-11.710386221294,10.674412366612,9.1941298180108,7.333578343368,47.936665926533,16.697524354979,ESP
192,2014-07-31,3.65,0.74274891372971,4.9141775,0.76120959332638,2.4854535974974,28.337833943509,8.3904730050596,11.284655322734,61.340380754372,37.096183413586,ESP
193,2014-01-31,3.65,0.73721847469498,4.9510425,0.78933141106506,7.0688592539196,26.966748970026,8.9794917718092,15.24902294793,92.751535835858,25.456641666657,ESP
194,2013-07-31,3.5,0.77775617343963,4.500125,0.76810534016094,-1.2408558888076,15.770281438359,4.832851776604,19.931832455736,61.357238363516,23.773026369021,ESP
195,2013-01-31,3.5,0.73694682928627,4.749325,0.80139289717843,8.745009182627,27.330242693133,5.6143461165722,19.714502177865,54.760327611365,32.871461475404,ESP
196,2012-07-31,3.5,0.82484431063637,4.243225,0.80878105141537,-1.947429231658,15.976458742125,4.4364981586957,8.0784977547045,17.596098321715,23.263103254163,ESP
197,2012-01-31,3.5,0.78823946715012,4.440275,0.833885285975,5.7908568052187,26.206864767795,7.5453331950736,23.514092274818,21.80756922376,26.657388354252,ESP
198,2011-07-31,3.5,0.69752031527918,5.017775,0.8610086100861,23.438499384994,50.168314409595,10.168600004913,38.130906560513,42.354308397729,45.338879157905,ESP
199,2022-07-31,21.0,7.84995,2.67517627500812,4.077669902912619,-48.055,-52.676,-54.571000000000005,-49.585,-17.866,-45.126,HKG
200,2022-01-31,22.0,7.79755,2.82139902918224,3.786574870912217,-51.439,-45.005,-46.868,-44.333,-20.986,-47.502,HKG
201,2021-07-31,21.0,7.7729,2.70169434831273,3.7168141592920394,-52.182,-45.572,-50.152,-46.122,-28.018,-45.366,HKG
202,2021-01-31,20.5,7.75535,2.64333653542393,3.621908127208477,-53.3,-46.8,-52.8,-43.5,-34.300000000000004,-48.1,HKG
203,2020-07-31,20.5,7.75095,2.64483708448642,3.590192644483365,-53.681,-47.7,-48.8,-41.4,-33.2,-44.1,HKG
204,2020-01-31,20.5,7.77535,2.63653726198821,3.615520282186954,-53.5,-47.9,-46.400000000000006,-43.2,-31.3,-43.1,HKG
205,2019-07-31,20.5,7.8105,2.6246719160105,3.5714285714286,-54.3,-48.8,-46.9,-39.4,-31.7,-41.9,HKG
206,2019-01-31,20.0,7.83435,2.5528601607025,3.584229390681,-54.2,-48.3,-49.6,-41.1,-34.2,-46.2,HKG
207,2018-07-31,20.0,7.84825,2.5483388016437,3.6297640653358,-53.8,-48.0,-50.6,-43.3,-32.4,-46.1,HKG
208,2018-01-31,20.5,7.819,2.6218186468858,3.8825757575758,-50.344343808981,-43.921913095396,-49.962208642967,-42.510216696608,-26.896033173329,-44.309710149878,HKG
209,2017-07-31,19.2,7.8115,2.4579146130705,3.622641509434,-53.624252583576,-48.428649249167,-49.202524454358,-40.085149779674,-29.94741392416,-42.971516135906,HKG
210,2017-01-31,19.2,7.75595,2.4755187952475,3.7944664031621,-51.076703651235,-44.856297096513,-43.817112356261,-32.734555285287,-31.132287317953,-41.037762664768,HKG
211,2016-07-31,19.2,7.7554,2.4756943549011,3.8095238095238,-50.879080259899,-44.74711541609,-45.651298239815,-36.361214607116,-35.17071881236,-39.566515161797,HKG
212,2016-01-31,19.2,7.75235,2.4766683650764,3.894523326572,-49.763319166807,-42.769237597841,-38.086581444631,-38.091847912154,-23.521385816311,-36.803180140728,HKG
213,2015-07-31,19.2,7.7508,2.4771636476235,4.0083507306889,-48.28468376569,-41.511331724497,-38.80889491065,-42.280449403612,-19.637123555395,-35.500937928789,HKG
214,2015-01-31,18.8,7.75135,2.4253839653738,3.9248434237996,-49.365679219754,-41.960469270631,-42.736754435653,-43.712459046836,-22.41951428121,-38.801847635692,HKG
215,2014-07-31,18.8,7.75045,2.4256656065132,3.9207507820647,-49.412604660831,-41.849154710497,-50.887455141657,-49.576079197219,-26.89545060947,-37.880680182167,HKG
216,2014-01-31,18.0,7.75785,2.3202304762273,3.8925932600469,-49.82381381379,-41.947723654032,-50.171933803915,-47.305352125261,-11.869323935399,-42.638181330538,HKG
217,2013-07-31,17.0,7.75665,2.191667794731,3.730797366496,-51.901950371668,-44.891808165655,-50.098169975318,-42.910854600157,-23.191811101095,-41.082395271767,HKG
218,2013-01-31,17.0,7.7591,2.1909757574976,3.8924797862952,-49.83335971575,-42.57742199111,-52.370718059867,-46.011919912294,-30.207177831569,-40.078478605318,HKG
219,2012-07-31,16.5,7.75815,2.126795692272,3.8128249566724,-50.853941253102,-42.47120562752,-48.1954709368,-46.388898739857,-41.667801959721,-38.856749052928,HKG
220,2012-01-31,16.5,7.76735,2.1242766194391,3.931173491025,-49.38848524883,-40.280009703915,-49.110484072195,-41.554206218075,-42.361718077566,-40.06682586276,HKG
221,2011-07-31,15.1,7.7918,1.9379347519187,3.7146371463715,-52.326328366084,-42.711987308065,-57.971558912757,-47.304162270855,-45.692968198358,-44.554378288355,HKG
222,2010-07-31,14.8,7.7742,1.9037328599727,3.9642857142857,-49.007155536445,,,,,,HKG
223,2010-01-31,14.8,7.75655,1.9080647968491,4.1340782122905,-46.702100646673,,,,,,HKG
224,2009-07-31,13.3,7.7505,1.7160183213986,3.7254901960784,-51.932259904801,,,,,,HKG
225,2008-06-30,13.3,7.7974,1.7056967707184,3.7254901960784,-52.221378971472,,,,,,HKG
226,2007-06-30,12.0,7.81555,1.5354005796137,3.5190615835777,-54.973590040653,,,,,,HKG
227,2007-01-31,12.0,7.79845,1.5387673191468,3.7267080745342,-52.212195057554,,,,,,HKG
228,2006-05-31,12.0,7.7533,1.5477280641791,3.8709677419355,-50.073288252286,,,,,,HKG
229,2006-01-31,12.0,7.7512,1.5481473836309,3.8095238095238,-50.852464011717,,,,,,HKG
230,2005-06-30,12.0,7.7807,1.5422776870976,3.921568627451,-49.598768395505,,,,,,HKG
231,2004-05-31,12.0,7.79,1.54,4.1379310344828,-46.881501482891,,,,,,HKG
232,2003-04-30,11.5,7.8,1.47,4.2435424354244,-45.595609802252,,,,,,HKG
233,2002-04-30,11.2,8.0,1.4,4.4979919678715,-43.775100401606,,,,,,HKG
234,2001-04-30,10.7,7.8,1.37,4.2125984251969,-45.992327882092,,,,,,HKG
235,2000-04-30,10.2,7.79,1.31,4.0637450199203,-47.833825161485,,,,,,HKG
236,2022-07-31,191.0,79.9513,2.38895427591546,37.08737864077664,-53.613,-38.399,-40.865,-34.374,6.914,-28.57,IND
237,2022-01-31,190.0,74.6225,2.54614894971356,32.702237521514654,-56.176,-23.076,-25.682,-22.136,10.521,-26.569,IND
238,2021-07-31,190.0,74.615,2.54640487837566,33.62831858407077,-54.931,-18.362,-25.233,-19.188,7.965999999999999,-18.054,IND
239,2021-01-31,190.0,73.39,2.58890857064995,33.568904593639544,-54.3,-14.7,-24.3,-9.5,5.4,-16.8,IND
240,2020-07-31,190.0,75.1975,2.52667974334253,33.27495621716286,-55.75,-15.1,-16.7,-4.7,8.6,-9.2,IND
241,2020-01-31,188.0,70.87815,2.65243943302696,33.156966490299794,-53.22,-14.2,-11.7,-6.4,13.1,-6.3,IND
242,2019-07-31,183.0,68.5544,2.6694129042045,31.881533101045,-53.5,-15.6,-12.6,-0.1,12.5,-4.3,IND
243,2019-01-31,178.0,69.685,2.5543517256224,31.899641577061,-54.2,-10.7,-13.0,1.7,13.6,-7.1,IND
244,2018-07-31,173.0,68.825,2.513621503814,31.397459165154,-54.4,-13.7,-17.9,-5.8,12.3,-10.4,IND
245,2018-01-31,180.0,63.86125,2.8186106598289,34.090909090909,-46.617222351725,-1.9607621322883,-12.520786638598,0.50725428334351,27.804951780637,-2.6387333286558,IND
246,2017-07-31,178.0,64.5575,2.7572319250281,33.584905660377,-47.976756131546,-6.4679549110292,-7.8714886469383,8.6641786712559,27.05041741298,3.429339089901,IND
247,2017-01-31,170.0,68.3275,2.4880172697669,33.596837944664,-50.82969822595,-9.6742314668523,-7.9720396413334,10.181265850325,12.805791914502,-3.4194455337908,IND
248,2016-07-31,162.0,67.2,2.4107142857143,32.142857142857,-52.168367346939,-13.306403782804,-14.725096421512,-0.14864914021021,1.7192779826194,-5.1778713090599,IND
249,2016-01-31,127.0,66.8025,1.9011264548482,25.760649087221,-61.437597264741,-29.920296241357,-24.186331809526,-24.19278065746,-6.3510881053311,-22.614792668583,IND
250,2015-07-31,116.25,63.43,1.8327289925903,24.269311064718,-61.738434392688,-34.419669483825,-31.389566308687,-35.282041513986,-9.8932467799913,-27.680524564364,IND
251,2015-01-31,116.25,61.615,1.886715897103,24.269311064718,-60.6113591419,-30.080399709332,-31.015582123246,-32.191003005503,-6.5396207783462,-26.275242096771,IND
252,2014-07-31,105.0,60.08875,1.7474152815627,21.897810218978,-63.557554086284,-35.860400210961,-45.829523953558,-44.383093934691,-19.366665827073,-31.483226211978,IND
253,2014-01-31,95.0,61.845,1.5360983102919,20.544242205803,-66.781078169936,-39.441018649193,-48.02035128593,-45.029990229567,-8.0638296348062,-40.161290379897,IND
254,2013-07-31,90.0,59.98,1.5005001667222,19.751280175567,-67.070223115093,-42.900426089584,-48.294924276875,-40.847889057227,-20.416280901729,-38.953356772854,IND
255,2013-01-31,89.0,53.395,1.6668227362113,20.378276528251,-61.834859952708,-34.144084152744,-45.375667688953,-38.082987871767,-19.957090349459,-31.278134712155,IND
256,2012-07-31,89.0,56.165,1.5846167542064,20.566146735991,-63.382628441216,-36.062060854852,-42.424052810144,-40.416214744886,-35.169151914537,-32.044926356729,IND
257,2012-01-31,84.0,51.905,1.6183412002697,20.0132468634,-61.44254529737,-30.243508818632,-40.558026693539,-31.731845930924,-32.675067683408,-29.994497446363,IND
258,2011-07-31,84.0,44.4,1.8918918918919,20.664206642066,-53.4589940494,-8.3590635955403,-32.769081769932,-15.704949653524,-13.127598361432,-11.306249694749,IND
259,2010-07-31,0.0,0.0,0.0,0.0,0.0,,,,,,IND
260,2010-01-31,0.0,0.0,0.0,0.0,0.0,,,,,,IND
261,2009-07-31,0.0,0.0,0.0,0.0,0.0,,,,,,IND
262,2008-06-30,0.0,0.0,0.0,0.0,0.0,,,,,,IND
263,2007-06-30,0.0,0.0,0.0,0.0,0.0,,,,,,IND
264,2007-01-31,0.0,0.0,0.0,0.0,0.0,,,,,,IND
265,2006-05-31,0.0,0.0,0.0,0.0,0.0,,,,,,IND
266,2006-01-31,0.0,0.0,0.0,0.0,0.0,,,,,,IND
267,2005-06-30,0.0,0.0,0.0,0.0,0.0,,,,,,IND
268,2004-05-31,0.0,0.0,0.0,0.0,0.0,,,,,,IND
269,2003-04-30,0.0,0.0,0.0,0.0,0.0,,,,,,IND
270,2002-04-30,0.0,0.0,0.0,0.0,0.0,,,,,,IND
271,2001-04-30,0.0,0.0,0.0,0.0,0.0,,,,,,IND
272,2000-04-30,0.0,0.0,0.0,0.0,0.0,,,,,,IND
273,2022-07-31,17.0,3.43745,4.94552648038517,3.300970873786408,-3.97,3.51,-0.634,10.272,79.649,20.025,ISR
274,2022-01-31,17.0,3.17775,5.349697112737,2.9259896729776256,-7.922999999999999,6.366,2.762,7.666,52.822,1.537,ISR
275,2021-07-31,17.0,3.29205,5.16395558998193,3.008849557522125,-8.603,6.748,-2.236,5.668,41.174,7.151000000000001,ISR
276,2021-01-31,17.0,3.179,5.3475935828877,3.0035335689045928,-5.5,12.3,-0.3,19.2,38.8,9.6,ISR
277,2020-07-31,17.0,3.4367,4.94660575552129,2.9772329246935234,-13.369,3.9,1.9,16.6,32.9,11.2,ISR
278,2020-01-31,17.0,3.4595,4.91400491400492,2.9982363315696685,-13.333,2.9000000000000004,5.800000000000001,12.3,35.7,12.4,ISR
279,2019-07-31,17.0,3.5667,4.7663105952281,2.9616724738676,-17.0,-2.3,1.2,15.6,30.2,10.8,ISR
280,2019-01-31,17.0,3.70785,4.5848672411236,3.0465949820789,-17.8,-1.7,-4.2,12.0,25.1,2.3,ISR
281,2018-07-31,17.0,3.6349,4.6768824451842,3.0852994555354,-15.1,0.8,-4.1,10.0,31.0,4.6,ISR
282,2018-01-31,16.5,3.43635,4.8016063555808,3.125,-9.060485689758,9.0996905908223,-2.6516798943756,11.846140208085,42.223470913319,8.3452329944363,ISR
283,2017-07-31,16.9,3.5405,4.7733370992798,3.188679245283,-9.937035862646,6.2264870442502,4.6324616161535,23.412397930743,44.294070619845,17.46707065346,ISR
284,2017-01-31,16.9,3.855,4.3839169909209,3.3399209486166,-13.361324290101,4.6426104160156,6.614603557549,27.645249686282,30.685769162844,11.888794293087,ISR
285,2016-07-31,16.9,3.85875,4.3796566245546,3.3531746031746,-13.102051100107,4.604358187156,2.8925658586308,20.480484448251,22.734322405722,14.412232811359,ISR
286,2016-01-31,16.9,3.94105,4.2881973078241,3.4279918864097,-13.018310186125,1.8713760554612,10.206554653468,10.197180284318,36.13276040183,12.49102285505,ISR
287,2015-07-31,17.5,3.77835,4.6316513822171,3.6534446764092,-3.3058166551753,12.2336393776,17.419333081162,10.757782963326,54.207957885885,23.766956679463,ISR
288,2015-01-31,17.5,3.93415,4.4482289694089,3.6534446764092,-7.1350945843655,7.521879603724,6.0837625307104,4.2762083962425,43.722727255498,13.373424764025,ISR
289,2014-07-31,17.5,3.4138,5.1262522701974,3.6496350364964,6.9082850927515,26.830208951131,7.1171759498043,9.9773593954352,59.445064440929,35.485671329013,ISR
290,2014-01-31,17.5,3.4882,5.0169141677656,3.78446566949,8.4933681982111,28.254506323353,10.084813779574,16.417933532542,94.706513888389,26.729082791128,ISR
291,2013-07-31,17.5,3.64595,4.799846404915,3.8405267008047,5.3367901590719,23.123686417542,11.491541767321,27.549567534078,71.606199541358,31.634743357894,ISR
292,2013-01-31,14.9,3.72455,4.0004832798593,3.4116440479882,-8.4011746925623,6.945788127484,-11.293583958473,0.54926084258184,29.984557142116,11.599906405456,ISR
293,2012-07-31,11.9,4.07625,2.919349892671,2.7498555748122,-32.539574981607,-18.45828930534,-26.571902512086,-24.011254595873,-17.319539394703,-13.335133578913,ISR
294,2012-01-31,15.9,3.8485,4.1314797973236,3.788221727715,-1.5662796488239,20.151606011096,2.3854330440812,17.58802961413,15.96338355659,20.580513999249,ISR
295,2011-07-31,15.9,3.40335,4.6718674247433,3.9114391143911,14.929087939564,43.462700737162,5.2491329830575,31.962811118679,35.997621233233,38.848919015188,ISR
296,2010-07-31,14.9,3.8619,3.8582045107331,3.9910714285714,3.3447636803498,,,,,,ISR
297,2010-01-31,14.9,3.7325,3.9919624916276,4.1620111731844,11.507332168369,,,,,,ISR
298,2009-07-31,15.0,3.97425,3.7742970371768,4.2016806722689,5.7226060833845,,,,,,ISR
299,2008-06-30,0.0,0.0,0.0,0.0,0.0,,,,,,ISR
300,2007-06-30,0.0,0.0,0.0,0.0,0.0,,,,,,ISR
301,2007-01-31,0.0,0.0,0.0,0.0,0.0,,,,,,ISR
302,2006-05-31,0.0,0.0,0.0,0.0,0.0,,,,,,ISR
303,2006-01-31,0.0,0.0,0.0,0.0,0.0,,,,,,ISR
304,2005-06-30,0.0,0.0,0.0,0.0,0.0,,,,,,ISR
305,2004-05-31,0.0,0.0,0.0,0.0,0.0,,,,,,ISR
306,2003-04-30,0.0,0.0,0.0,0.0,0.0,,,,,,ISR
307,2002-04-30,12.0,4.79,2.51,4.8192771084337,0.61121311970218,,,,,,ISR
308,2001-04-30,0.0,0.0,0.0,0.0,0.0,,,,,,ISR
309,2000-04-30,14.5,4.05,3.58,5.7768924302789,42.639319266145,,,,,,ISR
310,2022-07-31,70.0,20.4125,3.42927127985303,13.592233009708734,-33.412,-16.002,-19.365,-10.514,45.784000000000006,-2.601,MEX
311,2022-01-31,69.0,20.649,3.34156617753886,11.876075731497403,-42.486,-6.489000000000001,-9.657,-5.346,34.353,-10.734,MEX
312,2021-07-31,64.0,20.13525,3.17850535751977,11.327433628318577,-43.743,-6.101999999999999,-14.004,-7.052,24.18,-5.747,MEX
313,2021-01-31,54.0,20.11475,2.68459712400104,9.540636042402811,-52.6,-20.1,-29.0,-15.2,-1.2,-22.0,MEX
314,2020-07-31,50.0,22.436,2.2285612408629,8.75656742556918,-60.971,-33.0,-34.300000000000004,-24.8,-14.2,-28.3,MEX
315,2020-01-31,50.0,18.8205,2.65667755904466,8.81834215167549,-53.145,-22.3,-20.1,-15.3,2.4,-15.2,MEX
316,2019-07-31,50.0,18.89525,2.6461676876464,8.7108013937282,-53.9,-24.2,-21.5,-10.3,1.1,-14.0,MEX
317,2019-01-31,49.0,19.30875,2.5377095876222,8.7813620071685,-54.5,-20.8,-22.9,-9.8,0.7,-17.7,MEX
318,2018-07-31,49.0,19.0515,2.5719759598982,8.8929219600726,-53.3,-20.7,-24.5,-13.5,3.1,-17.7,MEX
319,2018-01-31,48.0,18.6635,2.5718648699333,9.0909090909091,-51.290438069445,-18.832862760434,-27.575555757634,-16.789580586134,5.8103090833135,-19.394158241069,MEX
320,2017-07-31,49.0,17.79075,2.7542402653064,9.2452830188679,-48.033202541388,-15.637758976234,-16.903691429663,-1.9891672100828,14.594499946712,-6.7107874640068,MEX
321,2017-01-31,49.0,21.9505,2.2322953919045,9.6837944664032,-55.883490278567,-27.26300779854,-25.892276992162,-11.273892212043,-9.1604296314006,-22.226191361512,MEX
322,2016-07-31,44.0,18.535,2.3738872403561,8.7301587301587,-52.899062691348,-23.148429331559,-24.406062678632,-11.484429279929,-9.8285614932937,-15.942701168297,MEX
323,2016-01-31,49.0,17.43675,2.8101567092491,9.9391480730223,-42.998849710971,-9.3040865882961,-1.8832912121311,-1.8916371970948,21.19876581601,0.15056695514892,MEX
324,2015-07-31,49.0,15.73975,3.1131371209835,10.229645093946,-35.007575762349,-0.75978257538551,3.8255571987934,-2.0647773367801,36.355119143142,9.4383088614712,MEX
325,2015-01-31,49.0,14.6275,3.3498547256879,10.229645093946,-30.065663346808,9.126710047009,7.6671281887043,5.8325951926915,45.867877702473,15.065593131908,MEX
326,2014-07-31,42.0,12.93255,3.2476193790088,8.7591240875912,-32.270711595229,5.476561762399,-10.917505235392,-8.5388738482029,32.600248208165,12.674755470608,MEX
327,2014-01-31,37.0,13.33275,2.7751214115618,8.0014417012074,-39.986561653017,-5.0099632110663,-18.467110352748,-13.776567341289,44.206854382749,-6.1397483671478,MEX
328,2013-07-31,37.0,12.94115,2.8590967572434,8.1199707388442,-37.254643220702,-4.1707226159992,-13.224220352224,-0.7259834149099,33.56404908877,2.4535790118941,MEX
329,2013-01-31,37.0,12.7384,2.9046034038812,8.471867770172,-33.493470371695,1.218449026791,-16.044137804234,-4.8355207673589,23.023407482637,5.6233222053587,MEX
330,2012-07-31,37.0,13.687,2.7032950975378,8.5499711149624,-37.532175677925,-3.8631431111371,-13.429011487745,-10.410033345557,-2.5205684182779,2.1770059695608,MEX
331,2012-01-31,37.0,13.6844,2.7038087164947,8.81535873745,-35.580962720689,1.7000032383377,-13.33783028102,-0.46988642463593,-1.8450366602284,2.0630441100513,MEX
332,2011-07-31,32.0,11.67075,2.7418974787396,7.8720787207872,-32.548647509481,13.052568290514,-17.060777937785,3.9903378309829,7.1698795771719,9.4167809358858,MEX
333,2010-07-31,32.0,12.782,2.5035205758097,8.5714285714286,-32.941413147954,,,,,,MEX
334,2010-01-31,32.0,12.81375,2.4973173348942,8.9385474860335,-30.242532544856,,,,,,MEX
335,2009-07-31,33.0,13.8104,2.3895035625326,9.2436974789916,-33.067127099928,,,,,,MEX
336,2008-06-30,32.0,10.1685,3.1469734965826,8.9635854341737,-11.849481888443,,,,,,MEX
337,2007-06-30,29.0,10.76755,2.693277486522,8.5043988269795,-21.018255527214,,,,,,MEX
338,2007-01-31,29.0,10.8894,2.6631403015777,9.0062111801242,-17.293779454109,,,,,,MEX
339,2006-05-31,29.0,11.3031,2.5656678256408,9.3548387096774,-17.236521753524,,,,,,MEX
340,2006-01-31,28.0,10.5425,2.6559165283377,8.8888888888889,-15.685189576582,,,,,,MEX
341,2005-06-30,28.0,10.8675,2.5764895330113,9.1503267973856,-15.800995653226,,,,,,MEX
342,2004-05-31,24.0,11.6,2.08,8.2758620689655,-28.656361474435,,,,,,MEX
343,2003-04-30,23.0,10.53,2.14,8.4870848708487,-19.400903410744,,,,,,MEX
344,2002-04-30,21.9,9.28,2.37,8.7951807228916,-5.2243456584961,,,,,,MEX
345,2001-04-30,21.9,9.29,2.36,8.6220472440945,-7.1900189010281,,,,,,MEX
346,2000-04-30,20.9,9.41,2.22,8.3266932270916,-11.512293017092,,,,,,MEX
347,2022-07-31,700.0,221.75,3.15670800450958,135.92233009708724,-38.705,-17.452,-20.756,-12.059,43.269000000000005,-4.281,PAK
348,2022-01-31,590.0,176.52,3.34239746204396,101.54905335628226,-42.472,1.825,-1.625,3.0700000000000003,46.298,-2.798,PAK
349,2021-07-31,580.0,161.1,3.60024829298572,102.65486725663706,-36.279,16.508,6.703,15.329,54.082,16.948,PAK
350,2021-01-31,550.0,160.35,3.42999688182102,97.17314487632515,-39.4,14.099999999999998,1.3,21.1,41.1,11.4,PAK
351,2020-07-31,550.0,166.5,3.3033033033033,96.32224168126083,-42.149,11.8,9.7,25.4,43.1,19.6,PAK
352,2020-01-31,520.0,154.875,3.35754640839387,91.71075837742517,-40.784,9.4,12.4,19.3,44.1,19.4,PAK
353,2019-07-31,480.0,157.45,3.0485868529692,83.623693379791,-46.9,-3.0,0.5,14.8,29.3,10.0,PAK
354,2019-01-31,460.0,138.88,3.3122119815668,82.437275985663,-40.6,16.6,13.6,32.8,48.4,21.3,PAK
355,2018-07-31,375.0,121.49,3.0866738003128,68.058076225045,-44.0,6.7,1.5,16.5,38.8,10.8,PAK
356,2018-01-31,375.0,110.505,3.3935116058097,71.022727272727,-35.728946859665,18.569769040174,5.7983553286429,21.554616156016,54.568761899887,17.749822966362,PAK
357,2017-07-31,375.0,105.15,3.5663338088445,70.754716981132,-32.71068285199,21.468571961992,19.645825132933,41.120431976705,64.9983463491,34.322029484891,PAK
358,2017-01-31,375.0,104.775,3.579098067287,74.110671936759,-29.266836614881,30.273420964811,32.728427502257,58.910249662449,62.695503796946,39.294460853372,PAK
359,2016-07-31,375.0,104.82,3.5775615340584,74.404761904762,-29.016636229,28.979105569727,26.868434013775,48.554662463872,51.333686291288,41.072396121793,PAK
360,2016-01-31,300.0,104.885,2.860275539877,60.851926977688,-41.982240570446,5.8984078147002,14.563080626222,14.553335683082,41.514163606912,16.937855117529,PAK
361,2015-07-31,350.0,101.7,3.4414945919371,73.068893528184,-28.152513738266,23.620262022339,29.332068375202,21.994673137833,69.853069592143,36.323687793344,PAK
362,2015-01-31,300.0,100.735,2.9781108849953,62.630480167015,-37.826495094044,10.756861280988,9.2754759690068,7.4135384427379,48.04687403373,16.784460296068,PAK
363,2014-07-31,300.0,98.68,3.0401297122011,62.565172054223,-36.597920496328,12.019869679582,-5.3912140524393,-2.8650227019013,40.826191862599,19.66460807121,PAK
364,2014-01-31,320.0,105.415,3.0356211165394,69.201657956389,-34.353120565016,20.341411563716,3.2927595429889,9.235136091948,82.693438177561,18.9101041862,PAK
365,2013-07-31,300.0,100.035,2.9989503673714,65.837600585223,-34.185434512697,14.68666094851,3.8516066350791,18.809259465332,59.846919760989,22.614499450042,PAK
366,2013-01-31,290.0,97.665,2.9693339476783,66.401125766213,-32.011338999424,17.892592966954,-2.2137329291094,10.841327079773,43.289574610251,23.023099566344,PAK
367,2012-07-31,285.0,94.605,3.012525765023,65.857885615251,-30.386464124252,21.978226977205,9.841074777349,13.67154742836,23.681682716441,29.641954494252,PAK
368,2012-01-31,260.0,90.05,2.8872848417546,61.945764101,-31.209590115491,24.925118086122,6.4531115143758,22.259693172166,20.570501430796,25.371066191577,PAK
369,2011-07-31,205.13,86.345,2.3757021251954,50.462484624846,-41.557143291625,15.599692642592,-15.19212059146,6.3332861237576,9.5844643513872,11.881989391226,PAK
370,2010-07-31,210.0,85.525,2.4554223911137,56.25,-34.229757380883,,,,,,PAK
371,2010-01-31,200.0,82.6,2.4213075060533,56.022408963585,-32.176260334642,,,,,,PAK
372,2009-07-31,190.0,82.6,2.3002421307506,53.221288515406,-35.56744731791,,,,,,PAK
373,2008-06-30,140.0,70.9,1.9746121297602,39.21568627451,-44.688735861058,,,,,,PAK
374,2007-06-30,140.0,60.37,2.319032632102,41.055718475073,-31.993177944222,,,,,,PAK
375,2007-01-31,140.0,60.055,2.331196403297,43.478260869565,-27.602596170901,,,,,,PAK
376,2006-05-31,130.0,60.055,2.1646823744901,41.935483870968,-30.171536306773,,,,,,PAK
377,2006-01-31,0.0,0.0,0.0,0.0,0.0,,,,,,PAK
378,2005-06-30,130.0,59.62,2.180476350218,42.483660130719,-28.742602934051,,,,,,PAK
379,2004-05-31,110.0,57.76,1.904432132964,37.931034482759,-34.329926449518,,,,,,PAK
380,2003-04-30,0.0,0.0,0.0,0.0,0.0,,,,,,PAK
381,2002-04-30,0.0,0.0,0.0,0.0,0.0,,,,,,PAK
382,2001-04-30,0.0,0.0,0.0,0.0,0.0,,,,,,PAK
383,2000-04-30,0.0,0.0,0.0,0.0,0.0,,,,,,PAK
384,2022-01-31,135.0,77.4175,1.74379177834469,23.23580034423409,-69.986,-52.134,-53.756,-51.549,-31.229000000000003,-54.308,RUS
385,2021-07-31,169.0,74.53,2.26754327116597,29.911504424778716,-59.866,-34.305,-39.833,-34.969,-13.118,-34.056999999999995,RUS
386,2021-01-31,135.0,74.63,1.80892402519094,23.85159010600704,-68.0,-47.3,-53.2,-44.0,-34.8,-48.5,RUS
387,2020-07-31,135.0,70.585,1.91258766026776,23.64273204903675,-66.50500000000001,-43.6,-44.7,-36.7,-27.9,-39.7,RUS
388,2020-01-31,135.0,61.4325,2.1975338786473,23.809523809523856,-61.243,-36.9,-35.099999999999994,-31.2,-16.8,-31.1,RUS
389,2019-07-31,130.0,63.83875,2.0363807248732,22.648083623693,-64.5,-42.8,-40.8,-32.3,-23.8,-35.1,RUS
390,2019-01-31,110.17,66.685,1.6520956736897,19.743727598566,-70.4,-49.7,-51.0,-42.7,-36.0,-47.6,RUS
391,2018-07-31,130.0,62.14065,2.0920283260635,23.593466424682,-62.0,-36.6,-39.7,-30.9,-17.6,-34.2,RUS
392,2018-01-31,130.0,56.745,2.290950744559,24.621212121212,-56.610781353049,-28.073162001608,-35.820561802383,-26.262492918847,-6.2354393806888,-28.570557998041,RUS
393,2017-07-31,137.0,60.1369,2.2781353877569,25.849056603774,-57.016313438548,-30.263221075511,-31.309685116376,-18.98081777427,-5.2721785034745,-22.883874210627,RUS
394,2017-01-31,130.0,60.4375,2.1509824198552,25.691699604743,-57.490466010766,-29.956817363025,-28.636851478935,-14.559857585986,-12.52466694843,-25.106539080545,RUS
395,2016-07-31,130.0,63.40755,2.0502290342396,25.793650793651,-59.320852495246,-33.667308596209,-34.752806315839,-23.599791312841,-22.170566562572,-27.44784764784,RUS
396,2016-01-31,114.0,74.655,1.5270243118344,23.123732251521,-69.025876027699,-51.975485947041,-48.046090691832,-48.05050998546,-35.823879895109,-46.969139741541,RUS
397,2015-07-31,107.0,56.815,1.883305465106,22.338204592902,-60.682558139749,-41.517063230179,-38.814891237407,-42.286105540809,-19.644998589938,-35.507258413623,RUS
398,2015-01-31,89.0,65.227,1.3644656353964,18.580375782881,-71.514287361245,-57.753787779098,-58.318835556248,-59.029038129407,-43.530183261489,-55.454668571237,RUS
399,2014-07-31,89.0,34.83725,2.554736668365,18.561001042753,-46.720820263503,-21.152222192873,-33.407416431275,-31.62929818426,-0.87622564490503,-15.771296149834,RUS
400,2014-01-31,89.0,33.93925,2.6223325500711,19.246711119121,-43.290699944399,-13.978451553167,-26.165041578146,-21.917356383553,30.591558125348,-15.001567995941,RUS
401,2013-07-31,87.0,32.9389,2.641253958086,19.092904169715,-42.035392287797,-14.821459103725,-22.868725536604,-11.759577944575,18.719363519685,-8.93340106422,RUS
402,2013-01-31,72.88,30.045,2.4256947911466,16.687289813247,-44.459012104354,-18.637158121082,-32.513414240972,-23.503545541924,-1.1095887493179,-15.096370810365,RUS
403,2012-07-31,75.0,32.76525,2.2890104607778,17.331022530329,-47.105477509467,-19.597617845913,-27.597864886867,-25.072995215045,-18.474778936685,-14.54604459534,RUS
404,2012-01-31,81.0,31.7693,2.5496312477769,19.29848804685,-39.254286223335,-5.3646693737853,-19.357887679504,-7.383825904161,-8.6634502213896,-5.0268474285398,RUS
405,2011-07-31,75.0,27.7525,2.7024592379065,18.450184501845,-33.51883793588,9.7125967729519,-19.511095020939,0.91809655677626,4.0037034279619,6.1842233974305,RUS
406,2010-07-31,71.0,30.44325,2.3322082891938,19.017857142857,-37.53013511088,,,,,,RUS
407,2010-01-31,70.0,29.927,2.3390249607378,19.553072625698,-34.664107241961,,,,,,RUS
408,2009-07-31,67.0,32.7959,2.042938294116,18.767507002801,-42.774837699831,,,,,,RUS
409,2008-06-30,59.0,23.2336,2.5394256593898,16.526610644258,-28.86762858852,,,,,,RUS
410,2007-06-30,52.0,25.64825,2.0274287719435,15.24926686217,-40.544610793446,,,,,,RUS
411,2007-01-31,49.0,26.5335,1.8467220683287,15.217391304348,-42.648382971158,,,,,,RUS
412,2006-05-31,48.0,27.06375,1.7735901344049,15.483870967742,-42.787415019198,,,,,,RUS
413,2006-01-31,46.0,28.67,1.6044645971399,14.603174603175,-49.064615963814,,,,,,RUS
414,2005-06-30,42.0,28.4055,1.4785868933833,13.725490196078,-51.680166882898,,,,,,RUS
415,2004-05-31,42.0,29.0,1.45,14.48275862069,-50.059453032105,,,,,,RUS
416,2003-04-30,41.0,31.1,1.31,15.129151291513,-51.353211281309,,,,,,RUS
417,2002-04-30,39.0,31.2,1.25,15.66265060241,-49.799196787149,,,,,,RUS
418,2001-04-30,35.0,28.9,1.21,13.779527559055,-52.3199738441,,,,,,RUS
419,2000-04-30,39.5,28.5,1.39,15.737051792829,-44.782274411127,,,,,,RUS
420,2022-07-31,5.9,1.3914,4.24033347707345,1.1456310679611643,-17.663,-22.444,-25.549,-17.377000000000002,34.604,-10.07,SIN
421,2022-01-31,5.9,1.35215,4.36342121806013,1.0154905335628237,-24.898,-22.975,-25.585,-22.034,10.666,-26.472,SIN
422,2021-07-31,5.9,1.36825,4.31207747122236,1.0442477876106184,-23.68,-21.084,-27.725,-21.882,4.367,-20.785,SIN
423,2021-01-31,5.9,1.3308,4.43342350465885,1.0424028268551233,-21.7,-21.7,-30.4,-16.900000000000002,-3.2,-23.5,SIN
424,2020-07-31,5.9,1.3876,4.2519458057077,1.0332749562171637,-25.535000000000004,-26.5,-28.000000000000004,-17.599999999999998,-6.0,-21.4,SIN
425,2020-01-31,5.9,1.34715,4.37961622684928,1.0405643738977086,-22.758,-23.7,-21.6,-16.8,0.5,-16.7,SIN
426,2019-07-31,5.8,1.3613,4.2606332182473,1.0104529616725,-25.8,-25.8,-23.1,-12.2,-1.1,-15.9,SIN
427,2019-01-31,5.8,1.3559,4.2776015930378,1.0394265232975,-23.3,-22.0,-24.0,-11.1,-0.7,-18.8,SIN
428,2018-07-31,5.8,1.35585,4.2777593391599,1.0526315789474,-22.4,-21.2,-25.0,-14.0,2.5,-18.2,SIN
429,2018-01-31,5.8,1.32255,4.3854674681487,1.0984848484848,-16.941904012336,-13.670970113242,-22.96966205575,-11.497743683294,12.539405057738,-14.267961654043,SIN
430,2017-07-31,5.6,1.3777,4.0647455904769,1.0566037735849,-23.306686972134,-21.425595413485,-22.604676096594,-8.7133919625642,6.7325202950181,-13.111076230236,SIN
431,2017-01-31,5.6,1.43875,3.892267593397,1.1067193675889,-23.077715545513,-21.143284244136,-19.65722706326,-3.8089251397648,-1.5176464803339,-15.682695483619,SIN
432,2016-07-31,5.45,1.3577,4.0141415629373,1.0813492063492,-20.354334068704,-18.384595362589,-19.720186211469,-5.997573527842,-4.2390626964192,-10.732202384324,SIN
433,2016-01-31,4.7,1.43725,3.2701339363368,0.95334685598377,-33.668682832926,-34.73497157344,-29.394946836332,-29.400952630038,-12.785035194043,-27.931376912287,SIN
434,2015-07-31,4.7,1.3664,3.4396955503513,0.9812108559499,-28.190072017718,-29.149928602654,-25.876339942609,-30.081596976801,-2.6526727027395,-21.869256258634,SIN
435,2015-01-31,4.7,1.33315,3.5254847541537,0.9812108559499,-26.399065675288,-27.735925940947,-28.702465951713,-29.917299865707,-3.4058012691148,-23.803177607469,SIN
436,2014-07-31,4.7,1.238,3.7964458804523,0.98018769551616,-20.824903431651,-22.036937487952,-34.154621728122,-32.396454942687,-1.9884487375137,-16.716388385195,SIN
437,2014-01-31,4.6,1.27885,3.596981663213,0.99477383312309,-22.213407895915,-22.914431638016,-33.835069959827,-30.028637346604,17.025613501847,-23.831266011678,SIN
438,2013-07-31,4.7,1.2747,3.6871420726445,1.0314557425018,-19.082470973419,-19.766593859313,-27.346667305485,-16.882473610109,11.82697907021,-14.22037356612,SIN
439,2013-01-31,4.5,1.23485,3.6441673077702,1.0303622963723,-16.559720097804,-17.260516540159,-31.371555894275,-22.209242177289,0.56361549156707,-13.659819878581,SIN
440,2012-07-31,4.4,1.2585,3.4962256654748,1.0167533217793,-19.209112294055,-15.957393136943,-24.31985204496,-21.680668683418,-14.783717600341,-10.677109476638,SIN
441,2012-01-31,4.85,1.2928,3.751547029703,1.1555267534225,-10.618289493928,-6.8456788015273,-20.619908193718,-8.8332362468912,-10.092834896483,-6.5131436501515,SIN
442,2011-07-31,4.41,1.20705,3.6535354790605,1.0848708487085,-10.122128436396,-5.9301480159499,-30.987146413025,-13.47073458434,-10.825071367981,-8.9554484002499,SIN
443,2010-07-31,4.23,1.3742,3.0781545626546,1.1330357142857,-17.549431357465,,,,,,SIN
444,2010-01-31,4.45,1.39555,3.1887069614131,1.2430167597765,-10.929973144887,,,,,,SIN
445,2009-07-31,4.22,1.4645,2.8815295322636,1.1820728291317,-19.284887051441,,,,,,SIN
446,2008-06-30,3.95,1.35275,2.9199778229532,1.1064425770308,-18.207904118957,,,,,,SIN
447,2007-06-30,3.95,1.52375,2.5922887612797,1.158357771261,-23.979801722002,,,,,,SIN
448,2007-01-31,3.6,1.53795,2.3407783087877,1.1180124223602,-27.305021466221,,,,,,SIN
449,2006-05-31,3.6,1.5873,2.2680022680023,1.1612903225806,-26.838636516056,,,,,,SIN
450,2006-01-31,3.6,1.6353,2.2014309301046,1.1428571428571,-30.113303806204,,,,,,SIN
451,2005-06-30,3.6,1.6607,2.1677605828867,1.1764705882353,-29.158150886054,,,,,,SIN
452,2004-05-31,3.3,1.71,1.92,1.1379310344828,-33.454325468845,,,,,,SIN
453,2003-04-30,3.3,1.78,1.85,1.2177121771218,-31.589203532485,,,,,,SIN
454,2002-04-30,3.3,1.82,1.81,1.3253012048193,-27.181252482457,,,,,,SIN
455,2001-04-30,3.3,1.81,1.82,1.2992125984252,-28.220298429547,,,,,,SIN
456,2000-04-30,3.2,1.7,1.88,1.2749003984064,-25.005858917272,,,,,,SIN
457,2022-07-31,47.0,17.565,2.6757756902932,9.126213592233022,-48.043,-32.602,-35.3,-28.199,16.974,-21.849,TUR
458,2022-01-31,24.99,13.4155,1.86277067571093,4.301204819277105,-67.93900000000001,-47.994,-49.756,-47.358,-25.28,-50.355,TUR
459,2021-07-31,19.99,8.55725,2.33603085103275,3.538053097345133,-58.654,-31.096,-36.895,-31.793,-8.875,-30.836,TUR
460,2021-01-31,14.99,7.4705,2.00655913258818,2.648409893992933,-64.5,-39.7,-46.5,-36.0,-25.5,-41.2,TUR
461,2020-07-31,13.99,6.8595,2.03950725271521,2.4500875656742527,-64.282,-38.3,-39.5,-30.8,-21.1,-34.0,TUR
462,2020-01-31,12.99,5.88025,2.20908974958548,2.2910052910052947,-61.039,-35.099999999999994,-33.2,-29.2,-14.4,-29.1,TUR
463,2019-07-31,13.99,5.722,2.4449493184201,2.4372822299652,-57.4,-31.0,-28.5,-18.3,-8.0,-21.7,TUR
464,2019-01-31,10.75,5.3834,1.9968792956124,1.926523297491,-64.2,-38.8,-40.4,-30.3,-22.1,-36.3,TUR
465,2018-07-31,10.75,4.70625,2.2841965471448,1.950998185118,-58.5,-30.7,-34.1,-24.4,-9.9,-28.1,TUR
466,2018-01-31,10.75,3.8026,2.8270130963025,2.0359848484848,-46.458085297301,-13.432940949615,-22.757271543094,-11.253722430214,12.849702306486,-14.031578534595,TUR
467,2017-07-31,10.75,3.57605,3.006110093539,2.0283018867925,-43.28094163134,-8.4451166768024,-9.8189812951702,6.3671406970132,24.364715123508,1.2429597103716,TUR
468,2017-01-31,10.75,3.91115,2.7485522161001,2.1245059288538,-45.680786243081,-10.969698960134,-9.2919202585005,8.6010274466482,11.187912112843,-4.8046202278553,TUR
469,2016-07-31,10.75,3.04305,3.5326399500501,2.1329365079365,-29.907937499006,13.707680709814,11.846917555135,30.965446323895,33.415427292959,24.369097648249,TUR
470,2016-01-31,10.25,3.0096,3.4057682083998,2.079107505071,-30.917480559842,10.523616376093,19.566726594716,19.556556032386,47.694922454754,22.045221505765,TUR
471,2015-07-31,10.25,2.6457,3.8742109838606,2.1398747390397,-19.118768604163,23.84769369735,29.570008405923,22.219114118627,70.165558560305,36.574490729298,TUR
472,2015-01-31,9.25,2.33345,3.9640875099102,1.9311064718163,-17.242431943419,29.014816998502,27.28922950244,25.120356834544,72.451983017152,36.036048684527,TUR
473,2014-07-31,9.25,2.09125,4.4231918708906,1.9290928050052,-7.7540798562958,42.867041499926,20.661427181534,23.883261714518,79.605827561302,52.616929266952,TUR
474,2014-01-31,8.5,2.26155,3.7584842254206,1.8381690394666,-18.720831311863,28.225827086256,10.060197502411,16.391901094278,94.662975189936,26.700744656925,TUR
475,2013-07-31,8.5,1.95745,4.3423842243735,1.865398683248,-4.7026139493735,45.1111225912,31.401708769618,50.327377854202,102.25164615854,55.142084650472,TUR
476,2013-01-31,8.45,1.76875,4.7773851590106,1.9347914231879,9.387500957621,65.988997358376,37.679934065623,56.061040688117,101.74713459845,73.212586431626,TUR
477,2012-07-31,8.25,1.8269,4.515846515956,1.9064124783362,4.3523169487231,58.707788202817,42.91594872084,47.89983688907,60.924181237666,68.679184522972,TUR
478,2012-01-31,6.6,1.86295,3.5427681902359,1.57246939641,-15.592506701199,31.575161879646,12.119849031802,28.767850428558,26.988739228012,32.044848801413,TUR
479,2011-07-31,6.5,1.72285,3.7728182952666,1.5990159901599,-7.1877418138607,53.271271814182,12.445035446586,40.985132640092,45.295803459815,48.342044992392,TUR
480,2010-07-31,5.95,1.5293,3.890668933499,1.59375,4.2143464330086,,,,,,TUR
481,2010-01-31,5.65,1.47455,3.8316774609203,1.5782122905028,7.0300966737509,,,,,,TUR
482,2009-07-31,5.65,1.55005,3.6450437082675,1.5826330532213,2.1020646573523,,,,,,TUR
483,2008-06-30,5.15,1.19275,4.3177530915951,1.4425770308123,20.945464750562,,,,,,TUR
484,2007-06-30,4.75,1.2981,3.6591942069178,1.3929618768328,7.3077480034546,,,,,,TUR
485,2007-01-31,4.55,1.40975,3.2275226103919,1.4130434782609,0.23362144074264,,,,,,TUR
486,2006-05-31,4.2,1.5415,2.7246188777165,1.3548387096774,-12.109068460758,,,,,,TUR
487,2006-01-31,4.1,1.3365,3.0677141788253,1.3015873015873,-2.6122482912607,,,,,,TUR
488,2005-06-30,4.0,1.369,2.9218407596786,1.3071895424837,-4.5150078536406,,,,,,TUR
489,2004-05-31,3950000.0,1531000.0,2.58,1362068.9655172,-11.034032298025,,,,,,TUR
490,2003-04-30,3750000.0,1600500.0,2.28,1383763.8376384,-13.54177834187,,,,,,TUR
491,2002-04-30,4000000.0,1324500.0,3.06,1606425.7028112,21.285443775858,,,,,,TUR
492,2001-04-30,0.0,0.0,0.0,0.0,0.0,,,,,,TUR
493,2000-04-30,0.0,0.0,0.0,0.0,0.0,,,,,,TUR
494,2022-07-31,5.9,1.3914,4.24033347707345,1.1456310679611643,-17.663,-22.444,-25.549,-17.377000000000002,34.604,-10.07,SIN
495,2022-01-31,5.9,1.35215,4.36342121806013,1.0154905335628237,-24.898,-22.975,-25.585,-22.034,10.666,-26.472,SIN
496,2021-07-31,5.9,1.36825,4.31207747122236,1.0442477876106184,-23.68,-21.084,-27.725,-21.882,4.367,-20.785,SIN
497,2021-01-31,5.9,1.3308,4.43342350465885,1.0424028268551233,-21.7,-21.7,-30.4,-16.900000000000002,-3.2,-23.5,SIN
498,2020-07-31,5.9,1.3876,4.2519458057077,1.0332749562171637,-25.535000000000004,-26.5,-28.000000000000004,-17.599999999999998,-6.0,-21.4,SIN
499,2020-01-31,5.9,1.34715,4.37961622684928,1.0405643738977086,-22.758,-23.7,-21.6,-16.8,0.5,-16.7,SIN
500,2019-07-31,5.8,1.3613,4.2606332182473,1.0104529616725,-25.8,-25.8,-23.1,-12.2,-1.1,-15.9,SIN
501,2019-01-31,5.8,1.3559,4.2776015930378,1.0394265232975,-23.3,-22.0,-24.0,-11.1,-0.7,-18.8,SIN
502,2018-07-31,5.8,1.35585,4.2777593391599,1.0526315789474,-22.4,-21.2,-25.0,-14.0,2.5,-18.2,SIN
503,2018-01-31,5.8,1.32255,4.3854674681487,1.0984848484848,-16.941904012336,-13.670970113242,-22.96966205575,-11.497743683294,12.539405057738,-14.267961654043,SIN
504,2017-07-31,5.6,1.3777,4.0647455904769,1.0566037735849,-23.306686972134,-21.425595413485,-22.604676096594,-8.7133919625642,6.7325202950181,-13.111076230236,SIN
505,2017-01-31,5.6,1.43875,3.892267593397,1.1067193675889,-23.077715545513,-21.143284244136,-19.65722706326,-3.8089251397648,-1.5176464803339,-15.682695483619,SIN
506,2016-07-31,5.45,1.3577,4.0141415629373,1.0813492063492,-20.354334068704,-18.384595362589,-19.720186211469,-5.997573527842,-4.2390626964192,-10.732202384324,SIN
507,2016-01-31,4.7,1.43725,3.2701339363368,0.95334685598377,-33.668682832926,-34.73497157344,-29.394946836332,-29.400952630038,-12.785035194043,-27.931376912287,SIN
508,2015-07-31,4.7,1.3664,3.4396955503513,0.9812108559499,-28.190072017718,-29.149928602654,-25.876339942609,-30.081596976801,-2.6526727027395,-21.869256258634,SIN
509,2015-01-31,4.7,1.33315,3.5254847541537,0.9812108559499,-26.399065675288,-27.735925940947,-28.702465951713,-29.917299865707,-3.4058012691148,-23.803177607469,SIN
510,2014-07-31,4.7,1.238,3.7964458804523,0.98018769551616,-20.824903431651,-22.036937487952,-34.154621728122,-32.396454942687,-1.9884487375137,-16.716388385195,SIN
511,2014-01-31,4.6,1.27885,3.596981663213,0.99477383312309,-22.213407895915,-22.914431638016,-33.835069959827,-30.028637346604,17.025613501847,-23.831266011678,SIN
512,2013-07-31,4.7,1.2747,3.6871420726445,1.0314557425018,-19.082470973419,-19.766593859313,-27.346667305485,-16.882473610109,11.82697907021,-14.22037356612,SIN
513,2013-01-31,4.5,1.23485,3.6441673077702,1.0303622963723,-16.559720097804,-17.260516540159,-31.371555894275,-22.209242177289,0.56361549156707,-13.659819878581,SIN
514,2012-07-31,4.4,1.2585,3.4962256654748,1.0167533217793,-19.209112294055,-15.957393136943,-24.31985204496,-21.680668683418,-14.783717600341,-10.677109476638,SIN
515,2012-01-31,4.85,1.2928,3.751547029703,1.1555267534225,-10.618289493928,-6.8456788015273,-20.619908193718,-8.8332362468912,-10.092834896483,-6.5131436501515,SIN
516,2011-07-31,4.41,1.20705,3.6535354790605,1.0848708487085,-10.122128436396,-5.9301480159499,-30.987146413025,-13.47073458434,-10.825071367981,-8.9554484002499,SIN
517,2010-07-31,4.23,1.3742,3.0781545626546,1.1330357142857,-17.549431357465,,,,,,SIN
518,2010-01-31,4.45,1.39555,3.1887069614131,1.2430167597765,-10.929973144887,,,,,,SIN
519,2009-07-31,4.22,1.4645,2.8815295322636,1.1820728291317,-19.284887051441,,,,,,SIN
520,2008-06-30,3.95,1.35275,2.9199778229532,1.1064425770308,-18.207904118957,,,,,,SIN
521,2007-06-30,3.95,1.52375,2.5922887612797,1.158357771261,-23.979801722002,,,,,,SIN
522,2007-01-31,3.6,1.53795,2.3407783087877,1.1180124223602,-27.305021466221,,,,,,SIN
523,2006-05-31,3.6,1.5873,2.2680022680023,1.1612903225806,-26.838636516056,,,,,,SIN
524,2006-01-31,3.6,1.6353,2.2014309301046,1.1428571428571,-30.113303806204,,,,,,SIN
525,2005-06-30,3.6,1.6607,2.1677605828867,1.1764705882353,-29.158150886054,,,,,,SIN
526,2004-05-31,3.3,1.71,1.92,1.1379310344828,-33.454325468845,,,,,,SIN
527,2003-04-30,3.3,1.78,1.85,1.2177121771218,-31.589203532485,,,,,,SIN
528,2002-04-30,3.3,1.82,1.81,1.3253012048193,-27.181252482457,,,,,,SIN
529,2001-04-30,3.3,1.81,1.82,1.2992125984252,-28.220298429547,,,,,,SIN
530,2000-04-30,3.2,1.7,1.88,1.2749003984064,-25.005858917272,,,,,,SIN
531,2022-01-31,69.0,28.3673,2.43237812551776,11.876075731497412,-58.135000000000005,-28.114,-30.55,-27.236,3.282,-31.378,UKR
532,2021-07-31,65.0,27.22,2.38795003673769,11.504424778761049,-57.735,-25.112,-31.414,-25.869,-0.96,-24.829,UKR
533,2021-01-31,62.0,28.14,2.20326936744847,10.954063604240272,-61.1,-29.0,-37.0,-24.6,-12.2,-30.7,UKR
534,2020-07-31,59.0,27.13,2.17471433837081,10.33274956217164,-61.914,,,,,,UKR
535,2020-01-31,57.0,23.99,2.3759899958316,10.052910052910066,-58.095,,,,,,UKR
536,2019-07-31,57.0,25.6475,2.2224388341944,9.9303135888502,-61.3,,,,,,UKR
537,2019-01-31,54.0,27.8,1.9424460431655,9.6774193548387,-65.2,,,,,,UKR
538,2018-07-31,50.0,26.199,1.9084697889232,9.0744101633394,-65.4,,,,,,UKR
539,2018-01-31,47.0,28.715,1.6367752045969,8.9015151515152,-69.000469609907,,,,,,UKR
540,2017-07-31,44.0,25.915,1.6978583831758,8.3018867924528,-67.964936166495,,,,,,UKR
541,2017-01-31,42.0,27.235,1.5421332843767,8.300395256917,-69.523057621013,,,,,,UKR
542,2016-07-31,39.0,24.8,1.5725806451613,7.7380952380952,-68.798003072197,,,,,,UKR
543,2016-01-31,36.0,23.35,1.541755888651,7.3022312373225,-68.727061082131,,,,,,UKR
544,2015-07-31,34.0,21.95,1.5489749430524,7.098121085595,-67.662318516652,,,,,,UKR
545,2015-01-31,19.0,15.822,1.2008595626343,3.9665970772443,-74.929862993021,,,,,,UKR
546,2014-07-31,19.0,11.685,1.6260162601626,3.9624608967675,-66.089337639987,,,,,,UKR
547,2014-01-31,19.0,8.379,2.2675736961451,4.1088484411606,-50.962543965144,,,,,,UKR
548,2013-07-31,19.0,8.155,2.3298589822195,4.1697147037308,-48.869224969579,,,,,,UKR
549,2013-01-31,19.0,8.144,2.3330058939096,4.3504185846829,-46.581304215583,,,,,,UKR
550,2012-07-31,15.0,8.0855,1.8551728402696,3.4662045060659,-57.130610276843,0.0,0.0,0.0,0.0,0.0,UKR
551,2012-01-31,17.0,8.0405,2.1142963746036,4.05029996045,-49.62626751508,0.0,0.0,0.0,0.0,0.0,UKR
552,2011-07-31,16.5,7.994,2.064048036027,4.0590405904059,-49.223910552841,0.0,0.0,0.0,0.0,0.0,UKR
553,2010-07-31,14.5,7.899,1.8356754019496,3.8839285714286,-50.830123162064,,,,,,UKR
554,2010-01-31,14.0,7.66,1.8276762402089,3.921568627451,-48.804587108995,,,,,,UKR
555,2009-07-31,14.0,7.66,1.8276762402089,3.921568627451,-48.804587108995,,,,,,UKR
556,2008-06-30,11.0,4.6,2.3913043478261,3.0812324929972,-33.016684934843,,,,,,UKR
557,2007-06-30,9.25,5.0275,1.8398806563899,2.7126099706745,-46.044555531089,,,,,,UKR
558,2007-01-31,9.0,5.05,1.7821782178218,2.7950310559006,-44.652850378206,,,,,,UKR
559,2006-05-31,8.5,5.05,1.6831683168317,2.741935483871,-45.704247844139,,,,,,UKR
560,2006-01-31,0.0,0.0,0.0,0.0,0.0,,,,,,UKR
561,2005-06-30,7.25,5.06,1.4328063241107,2.3692810457516,-53.176263917952,,,,,,UKR
562,2004-05-31,7.25,5.3315,1.3598424458408,2.5,-53.108881177905,,,,,,UKR
563,2003-04-30,0.0,0.0,0.0,0.0,0.0,,,,,,UKR
564,2002-04-30,0.0,0.0,0.0,0.0,0.0,,,,,,UKR
565,2001-04-30,0.0,0.0,0.0,0.0,0.0,,,,,,UKR
566,2000-04-30,0.0,0.0,0.0,0.0,0.0,,,,,,UKR
567,2022-07-31,5.15,1.0,5.15,1.0,0.0,0.0,-4.003,6.533,73.55699999999999,15.955,USA
568,2022-01-31,5.81,1.0,5.81,1.0,0.0,0.0,-3.388,1.222,43.675,-4.54,USA
569,2021-07-31,5.65,1.0,5.65,1.0,0.0,0.0,-8.415000000000001,-1.012,32.25,0.378,USA
570,2021-01-31,5.66,1.0,5.66,1.0,0.0,0.0,-11.2,6.1,23.6,-2.4,USA
571,2020-07-31,5.71,1.0,5.71,1.0,0.0,0.0,-1.9,12.2,27.9,7.000000000000001,USA
572,2020-01-31,5.67,1.0,5.67,1.0,0.0,0.0,2.8000000000000003,9.1,31.8,9.2,USA
573,2019-07-31,5.74,1.0,5.74,1.0,0.0,0.0,3.6,18.3,33.3,13.4,USA
574,2019-01-31,5.58,1.0,5.58,1.0,0.0,0.0,-2.6,13.9,27.2,4.0,USA
575,2018-07-31,5.51,1.0,5.51,1.0,0.0,0.0,-4.9,9.1,30.0,3.8,USA
576,2018-01-31,5.28,1.0,5.28,1.0,0.0,0.0,-10.77122255944,2.5173761743864,30.361021321983,-0.6915304638356,USA
577,2017-07-31,5.3,1.0,5.3,1.0,0.0,0.0,-1.5005913049094,16.178555240496,35.836244457314,10.581714525236,USA
578,2017-01-31,5.06,1.0,5.06,1.0,0.0,0.0,1.8845030085675,21.982096183206,24.887718916119,6.9246971652017,USA
579,2016-07-31,5.04,1.0,5.04,1.0,0.0,0.0,-1.6364445594728,15.177308609542,17.331939636902,9.3761625176788,USA
580,2016-01-31,4.93,1.0,4.93,1.0,0.0,0.0,8.1820614590199,8.1728592969271,33.632003093505,10.424564004915,USA
581,2015-07-31,4.79,1.0,4.79,1.0,0.0,0.0,4.6204451110379,-1.3149857943287,37.399053208162,10.276167970514,USA
582,2015-01-31,4.79,1.0,4.79,1.0,0.0,0.0,-1.3375110984982,-3.0186146479615,33.66835455741,5.4421901680542,USA
583,2014-07-31,4.795,1.0,4.795,1.0,0.0,0.0,-15.542853050824,-13.287725136674,25.715368412241,6.8244485674681,USA
584,2014-01-31,4.6241666666667,1.0,4.6241666666667,1.0,0.0,0.0,-14.166903810747,-9.228972244428,51.812610308989,-1.1893722692117,USA
585,2013-07-31,4.5566666666667,1.0,4.5566666666667,1.0,0.0,0.0,-9.4475279198301,3.5946626074261,39.377080506994,6.9126073040798,USA
586,2013-01-31,4.3673958333333,1.0,4.3673958333333,1.0,0.0,0.0,-17.054782993618,-5.981093221995,21.542474386339,4.3518481274119,USA
587,2012-07-31,4.3275,1.0,4.3275,1.0,0.0,0.0,-9.9502612069648,-6.8099690860381,1.3965244301791,6.2828651530396,USA
588,2012-01-31,4.19722,1.0,4.19722,1.0,0.0,0.0,-14.786463166688,-2.1336180864109,-3.4857815001816,0.35697233053451,USA
589,2011-07-31,4.065,1.0,4.065,1.0,0.0,0.0,-26.636587459842,-8.0159439069478,-5.2034985160404,-3.2160148235515,USA
590,2010-07-31,3.7333333333333,1.0,3.73,1.0,0.0,,,,,,USA
591,2010-01-31,3.58,1.0,3.58,1.0,0.0,,,,,,USA
592,2009-07-31,3.57,1.0,3.57,1.0,0.0,,,,,,USA
593,2008-06-30,3.57,1.0,3.57,1.0,0.0,,,,,,USA
594,2007-06-30,3.41,1.0,3.41,1.0,0.0,,,,,,USA
595,2007-01-31,3.22,1.0,3.22,1.0,0.0,,,,,,USA
596,2006-05-31,3.1,1.0,3.1,1.0,0.0,,,,,,USA
597,2006-01-31,3.15,1.0,3.15,1.0,0.0,,,,,,USA
598,2005-06-30,3.06,1.0,3.06,1.0,0.0,,,,,,USA
599,2004-05-31,2.9,1.0,2.9,1.0,0.0,,,,,,USA
600,2003-04-30,2.71,1.0,2.71,1.0,0.0,,,,,,USA
601,2002-04-30,2.49,1.0,2.49,1.0,0.0,,,,,,USA
602,2001-04-30,2.54,1.0,2.54,1.0,0.0,,,,,,USA
603,2000-04-30,2.51,1.0,2.51,1.0,0.0,,,,,,USA
